conference,start,end,status,url
日本応用数理学会 年会,2025-09-02,2025-09-04,未定,https://jsiam.org/jsiam_archive/past_meetings/annual2025/
研究打合せ,2025-09-16,2025-09-16,確定,
CJ Numerical PDEs 2025,2025-09-21,2025-09-25,確定,https://norikazu-saito.github.io/p/cj2025/
数値解析が切り開く新たな情報社会〜データ駆動型から「富岳NEXT」〜,2025-10-08,2025-10-10,確定,https://www.hpc.itc.nagoya-u.ac.jp/rims2025/
RAMP数理最適化シンポジウム,2025-10-15,2025-10-17,確定,https://orsj.org/ramp/ramp2025
IBIS2025,2025-11-12,2025-11-15,確定,https://ibisml.org/ibis2025/
研究打合せ,2025-12-04,2025-12-04,確定,
応用数学合同研究集会,2025-12-18,2025-12-20,未定,https://www.mathsoc.jp/section/appliedmath/CAM/2025/
研究打合せ,2025-1-15,2025-1-15,確定,
計算技術による学際的統計解析ワークショップ,2025-02-16,2025-02-17,未定,https://okuno.net/events/ISACT2026
日本応用数理学会 第22回 研究部会連合発表会,2026-03-09,2026-03-11,未定,https://jsiam.org/union2025